,Critical Cool,Critical Heat,Critical Pressure,Delta T,Reheat,Thermal Load,VAV
0,91.9690860215,27.3297491039,0.0,2.31946150227,287.281311401,-487.866948938,S6-02
1,,,0.0,,,,S4-14
